{"ID": "20180713-091015-xo3fh2ej", "_links": {"_self": "http://dev.listenfield.com:8080/weather/static/ex/20180713-091015-xo3fh2ej/wgen.json"}, "WeatherGeneratorCondition": {"serviceProvider": "ListenField Co., Ltd.", "serviceProviderURL": "http://www.listenfield.com", "model": "KGen", "position": {"latitude": "35.504721", "longitude": "135.101722"}, "from_date": "2017-01-01", "to_date": "2017-12-31", "format": "WTD", "historicalWeather": {"source": "naro1km", "link": "http://adpmit.dc.affrc.go.jp/technical/cont67.html", "beginPosition": "1980-01-01", "endPosition": "2018-07-13", "numberOfData": 13880, "observedProperties": ["daily_maximum_air_temperature", "daily_minimum_air_temperature", "daily_precipitation", "daily_global_solar_radiant_exposure"]}, "WeatherForecast": {"BN": 33, "NN": 34, "AN": 33}, "historicalWeatherOmRequest": "http://133.130.90.193/api/sos/getobservation/urn:NARO:AgroWeatherMesh?props=daily_maximum_air_temperature,daily_minimum_air_temperature,daily_precipitation,daily_global_solar_radiant_exposure&begin=1980-01-01T00:00:00&end=2017-12-31T23:59:59&lower=35.504721%20135.101722&upper=35.504721%20135.101722&cache=true&sos=true&external=false", "historicalWeatherWtdRequest": "http://ec2-52-69-188-223.ap-northeast-1.compute.amazonaws.com:8080/DataTransformation/rest/transform/http://133.130.90.193/api/sos/getobservation/urn:NARO:AgroWeatherMesh?props=daily_maximum_air_temperature,daily_minimum_air_temperature,daily_precipitation,daily_global_solar_radiant_exposure&begin=1980-01-01T00:00:00&end=2017-12-31T23:59:59&lower=35.504721%20135.101722&upper=35.504721%20135.101722&cache=true&sos=true&external=false", "wgenApiRequest": "http://ec2-52-69-188-223.ap-northeast-1.compute.amazonaws.com:8080/KGen/rest/generate?num=100&climateforecast=BN33,NN34,AN33&from=2017,1&to=2017,12&weatherhistory=http://ec2-52-69-188-223.ap-northeast-1.compute.amazonaws.com:8080/DataTransformation/rest/transform/http://133.130.90.193/api/sos/getobservation/urn:NARO:AgroWeatherMesh?props=daily_maximum_air_temperature,daily_minimum_air_temperature,daily_precipitation,daily_global_solar_radiant_exposure&begin=1980-01-01T00:00:00&end=2017-12-31T23:59:59&lower=35.504721%20135.101722&upper=35.504721%20135.101722&cache=true&sos=true&external=false", "monthly_adjust": false, "snow_adjust": false}, "historicalWeather_OM": "http://dev.listenfield.com:8080/weather/static/ex/20180713-091015-xo3fh2ej/COMM.xml", "historicalWeather_WTD": "http://dev.listenfield.com:8080/weather/static/ex/20180713-091015-xo3fh2ej/COMM.WTD", "wgenAPIResult": "http://dev.listenfield.com:8080/weather/static/ex/20180713-091015-xo3fh2ej/KGen.xml", "calibration-parameter": "http://dev.listenfield.com:8080/weather/static/ex/20180713-091015-xo3fh2ej/COMM.PHW", "dssatCLIfile": "http://dev.listenfield.com:8080/weather/static/ex/20180713-091015-xo3fh2ej/COMM.CLI", "result": {"NumberOfScenario": "100", "format": ".WTDE", "downloadLink": "http://dev.listenfield.com:8080/weather/static/ex/20180713-091015-xo3fh2ej.zip", "generated": "2018-07-13T09:10:34Z", "generate_WTH": "yes"}, "weatherScenarios": ["http://dev.listenfield.com:8080/weather/static/ex/20180713-091015-xo3fh2ej/COMM0001.WTDE", "http://dev.listenfield.com:8080/weather/static/ex/20180713-091015-xo3fh2ej/COMM0002.WTDE", "http://dev.listenfield.com:8080/weather/static/ex/20180713-091015-xo3fh2ej/COMM0003.WTDE", "http://dev.listenfield.com:8080/weather/static/ex/20180713-091015-xo3fh2ej/COMM0004.WTDE", "http://dev.listenfield.com:8080/weather/static/ex/20180713-091015-xo3fh2ej/COMM0005.WTDE", "http://dev.listenfield.com:8080/weather/static/ex/20180713-091015-xo3fh2ej/COMM0006.WTDE", "http://dev.listenfield.com:8080/weather/static/ex/20180713-091015-xo3fh2ej/COMM0007.WTDE", "http://dev.listenfield.com:8080/weather/static/ex/20180713-091015-xo3fh2ej/COMM0008.WTDE", "http://dev.listenfield.com:8080/weather/static/ex/20180713-091015-xo3fh2ej/COMM0009.WTDE", "http://dev.listenfield.com:8080/weather/static/ex/20180713-091015-xo3fh2ej/COMM0010.WTDE", "http://dev.listenfield.com:8080/weather/static/ex/20180713-091015-xo3fh2ej/COMM0011.WTDE", "http://dev.listenfield.com:8080/weather/static/ex/20180713-091015-xo3fh2ej/COMM0012.WTDE", "http://dev.listenfield.com:8080/weather/static/ex/20180713-091015-xo3fh2ej/COMM0013.WTDE", "http://dev.listenfield.com:8080/weather/static/ex/20180713-091015-xo3fh2ej/COMM0014.WTDE", "http://dev.listenfield.com:8080/weather/static/ex/20180713-091015-xo3fh2ej/COMM0015.WTDE", "http://dev.listenfield.com:8080/weather/static/ex/20180713-091015-xo3fh2ej/COMM0016.WTDE", "http://dev.listenfield.com:8080/weather/static/ex/20180713-091015-xo3fh2ej/COMM0017.WTDE", "http://dev.listenfield.com:8080/weather/static/ex/20180713-091015-xo3fh2ej/COMM0018.WTDE", "http://dev.listenfield.com:8080/weather/static/ex/20180713-091015-xo3fh2ej/COMM0019.WTDE", "http://dev.listenfield.com:8080/weather/static/ex/20180713-091015-xo3fh2ej/COMM0020.WTDE", "http://dev.listenfield.com:8080/weather/static/ex/20180713-091015-xo3fh2ej/COMM0021.WTDE", "http://dev.listenfield.com:8080/weather/static/ex/20180713-091015-xo3fh2ej/COMM0022.WTDE", "http://dev.listenfield.com:8080/weather/static/ex/20180713-091015-xo3fh2ej/COMM0023.WTDE", "http://dev.listenfield.com:8080/weather/static/ex/20180713-091015-xo3fh2ej/COMM0024.WTDE", "http://dev.listenfield.com:8080/weather/static/ex/20180713-091015-xo3fh2ej/COMM0025.WTDE", "http://dev.listenfield.com:8080/weather/static/ex/20180713-091015-xo3fh2ej/COMM0026.WTDE", "http://dev.listenfield.com:8080/weather/static/ex/20180713-091015-xo3fh2ej/COMM0027.WTDE", "http://dev.listenfield.com:8080/weather/static/ex/20180713-091015-xo3fh2ej/COMM0028.WTDE", "http://dev.listenfield.com:8080/weather/static/ex/20180713-091015-xo3fh2ej/COMM0029.WTDE", "http://dev.listenfield.com:8080/weather/static/ex/20180713-091015-xo3fh2ej/COMM0030.WTDE", "http://dev.listenfield.com:8080/weather/static/ex/20180713-091015-xo3fh2ej/COMM0031.WTDE", "http://dev.listenfield.com:8080/weather/static/ex/20180713-091015-xo3fh2ej/COMM0032.WTDE", "http://dev.listenfield.com:8080/weather/static/ex/20180713-091015-xo3fh2ej/COMM0033.WTDE", "http://dev.listenfield.com:8080/weather/static/ex/20180713-091015-xo3fh2ej/COMM0034.WTDE", "http://dev.listenfield.com:8080/weather/static/ex/20180713-091015-xo3fh2ej/COMM0035.WTDE", "http://dev.listenfield.com:8080/weather/static/ex/20180713-091015-xo3fh2ej/COMM0036.WTDE", "http://dev.listenfield.com:8080/weather/static/ex/20180713-091015-xo3fh2ej/COMM0037.WTDE", "http://dev.listenfield.com:8080/weather/static/ex/20180713-091015-xo3fh2ej/COMM0038.WTDE", "http://dev.listenfield.com:8080/weather/static/ex/20180713-091015-xo3fh2ej/COMM0039.WTDE", "http://dev.listenfield.com:8080/weather/static/ex/20180713-091015-xo3fh2ej/COMM0040.WTDE", "http://dev.listenfield.com:8080/weather/static/ex/20180713-091015-xo3fh2ej/COMM0041.WTDE", "http://dev.listenfield.com:8080/weather/static/ex/20180713-091015-xo3fh2ej/COMM0042.WTDE", "http://dev.listenfield.com:8080/weather/static/ex/20180713-091015-xo3fh2ej/COMM0043.WTDE", "http://dev.listenfield.com:8080/weather/static/ex/20180713-091015-xo3fh2ej/COMM0044.WTDE", "http://dev.listenfield.com:8080/weather/static/ex/20180713-091015-xo3fh2ej/COMM0045.WTDE", "http://dev.listenfield.com:8080/weather/static/ex/20180713-091015-xo3fh2ej/COMM0046.WTDE", "http://dev.listenfield.com:8080/weather/static/ex/20180713-091015-xo3fh2ej/COMM0047.WTDE", "http://dev.listenfield.com:8080/weather/static/ex/20180713-091015-xo3fh2ej/COMM0048.WTDE", "http://dev.listenfield.com:8080/weather/static/ex/20180713-091015-xo3fh2ej/COMM0049.WTDE", "http://dev.listenfield.com:8080/weather/static/ex/20180713-091015-xo3fh2ej/COMM0050.WTDE", "http://dev.listenfield.com:8080/weather/static/ex/20180713-091015-xo3fh2ej/COMM0051.WTDE", "http://dev.listenfield.com:8080/weather/static/ex/20180713-091015-xo3fh2ej/COMM0052.WTDE", "http://dev.listenfield.com:8080/weather/static/ex/20180713-091015-xo3fh2ej/COMM0053.WTDE", "http://dev.listenfield.com:8080/weather/static/ex/20180713-091015-xo3fh2ej/COMM0054.WTDE", "http://dev.listenfield.com:8080/weather/static/ex/20180713-091015-xo3fh2ej/COMM0055.WTDE", "http://dev.listenfield.com:8080/weather/static/ex/20180713-091015-xo3fh2ej/COMM0056.WTDE", "http://dev.listenfield.com:8080/weather/static/ex/20180713-091015-xo3fh2ej/COMM0057.WTDE", "http://dev.listenfield.com:8080/weather/static/ex/20180713-091015-xo3fh2ej/COMM0058.WTDE", "http://dev.listenfield.com:8080/weather/static/ex/20180713-091015-xo3fh2ej/COMM0059.WTDE", "http://dev.listenfield.com:8080/weather/static/ex/20180713-091015-xo3fh2ej/COMM0060.WTDE", "http://dev.listenfield.com:8080/weather/static/ex/20180713-091015-xo3fh2ej/COMM0061.WTDE", "http://dev.listenfield.com:8080/weather/static/ex/20180713-091015-xo3fh2ej/COMM0062.WTDE", "http://dev.listenfield.com:8080/weather/static/ex/20180713-091015-xo3fh2ej/COMM0063.WTDE", "http://dev.listenfield.com:8080/weather/static/ex/20180713-091015-xo3fh2ej/COMM0064.WTDE", "http://dev.listenfield.com:8080/weather/static/ex/20180713-091015-xo3fh2ej/COMM0065.WTDE", "http://dev.listenfield.com:8080/weather/static/ex/20180713-091015-xo3fh2ej/COMM0066.WTDE", "http://dev.listenfield.com:8080/weather/static/ex/20180713-091015-xo3fh2ej/COMM0067.WTDE", "http://dev.listenfield.com:8080/weather/static/ex/20180713-091015-xo3fh2ej/COMM0068.WTDE", "http://dev.listenfield.com:8080/weather/static/ex/20180713-091015-xo3fh2ej/COMM0069.WTDE", "http://dev.listenfield.com:8080/weather/static/ex/20180713-091015-xo3fh2ej/COMM0070.WTDE", "http://dev.listenfield.com:8080/weather/static/ex/20180713-091015-xo3fh2ej/COMM0071.WTDE", "http://dev.listenfield.com:8080/weather/static/ex/20180713-091015-xo3fh2ej/COMM0072.WTDE", "http://dev.listenfield.com:8080/weather/static/ex/20180713-091015-xo3fh2ej/COMM0073.WTDE", "http://dev.listenfield.com:8080/weather/static/ex/20180713-091015-xo3fh2ej/COMM0074.WTDE", "http://dev.listenfield.com:8080/weather/static/ex/20180713-091015-xo3fh2ej/COMM0075.WTDE", "http://dev.listenfield.com:8080/weather/static/ex/20180713-091015-xo3fh2ej/COMM0076.WTDE", "http://dev.listenfield.com:8080/weather/static/ex/20180713-091015-xo3fh2ej/COMM0077.WTDE", "http://dev.listenfield.com:8080/weather/static/ex/20180713-091015-xo3fh2ej/COMM0078.WTDE", "http://dev.listenfield.com:8080/weather/static/ex/20180713-091015-xo3fh2ej/COMM0079.WTDE", "http://dev.listenfield.com:8080/weather/static/ex/20180713-091015-xo3fh2ej/COMM0080.WTDE", "http://dev.listenfield.com:8080/weather/static/ex/20180713-091015-xo3fh2ej/COMM0081.WTDE", "http://dev.listenfield.com:8080/weather/static/ex/20180713-091015-xo3fh2ej/COMM0082.WTDE", "http://dev.listenfield.com:8080/weather/static/ex/20180713-091015-xo3fh2ej/COMM0083.WTDE", "http://dev.listenfield.com:8080/weather/static/ex/20180713-091015-xo3fh2ej/COMM0084.WTDE", "http://dev.listenfield.com:8080/weather/static/ex/20180713-091015-xo3fh2ej/COMM0085.WTDE", "http://dev.listenfield.com:8080/weather/static/ex/20180713-091015-xo3fh2ej/COMM0086.WTDE", "http://dev.listenfield.com:8080/weather/static/ex/20180713-091015-xo3fh2ej/COMM0087.WTDE", "http://dev.listenfield.com:8080/weather/static/ex/20180713-091015-xo3fh2ej/COMM0088.WTDE", "http://dev.listenfield.com:8080/weather/static/ex/20180713-091015-xo3fh2ej/COMM0089.WTDE", "http://dev.listenfield.com:8080/weather/static/ex/20180713-091015-xo3fh2ej/COMM0090.WTDE", "http://dev.listenfield.com:8080/weather/static/ex/20180713-091015-xo3fh2ej/COMM0091.WTDE", "http://dev.listenfield.com:8080/weather/static/ex/20180713-091015-xo3fh2ej/COMM0092.WTDE", "http://dev.listenfield.com:8080/weather/static/ex/20180713-091015-xo3fh2ej/COMM0093.WTDE", "http://dev.listenfield.com:8080/weather/static/ex/20180713-091015-xo3fh2ej/COMM0094.WTDE", "http://dev.listenfield.com:8080/weather/static/ex/20180713-091015-xo3fh2ej/COMM0095.WTDE", "http://dev.listenfield.com:8080/weather/static/ex/20180713-091015-xo3fh2ej/COMM0096.WTDE", "http://dev.listenfield.com:8080/weather/static/ex/20180713-091015-xo3fh2ej/COMM0097.WTDE", "http://dev.listenfield.com:8080/weather/static/ex/20180713-091015-xo3fh2ej/COMM0098.WTDE", "http://dev.listenfield.com:8080/weather/static/ex/20180713-091015-xo3fh2ej/COMM0099.WTDE", "http://dev.listenfield.com:8080/weather/static/ex/20180713-091015-xo3fh2ej/COMM0100.WTDE"], "snow_adjustment": "no", "plot": "./static/ex/20180713-091015-xo3fh2ej/COMM.png"}