{"ID": "20180712-130051-cizo6x5o", "_links": {"_self": "http://dev.listenfield.com:8080/weather/static/ex/20180712-130051-cizo6x5o/wgen.json"}, "WeatherGeneratorCondition": {"serviceProvider": "ListenField Co., Ltd.", "serviceProviderURL": "http://www.listenfield.com", "model": "KGen", "position": {"latitude": "35.706179", "longitude": "140.482362"}, "from_date": "2017-01-01", "to_date": "2018-12-31", "format": "WTD", "historicalWeather": {"source": "naro1km", "link": "http://adpmit.dc.affrc.go.jp/technical/cont67.html", "beginPosition": "1980-01-01", "endPosition": "2018-07-12", "numberOfData": 13880, "observedProperties": ["daily_maximum_air_temperature", "daily_minimum_air_temperature", "daily_precipitation", "daily_global_solar_radiant_exposure"]}, "WeatherForecast": {"BN": 33, "NN": 34, "AN": 33}, "historicalWeatherOmRequest": "http://133.130.90.193/api/sos/getobservation/urn:NARO:AgroWeatherMesh?props=daily_maximum_air_temperature,daily_minimum_air_temperature,daily_precipitation,daily_global_solar_radiant_exposure&begin=1980-01-01T00:00:00&end=2017-12-31T23:59:59&lower=35.706179%20140.482362&upper=35.706179%20140.482362&cache=true&sos=true&external=false", "historicalWeatherWtdRequest": "http://ec2-52-69-188-223.ap-northeast-1.compute.amazonaws.com:8080/DataTransformation/rest/transform/http://133.130.90.193/api/sos/getobservation/urn:NARO:AgroWeatherMesh?props=daily_maximum_air_temperature,daily_minimum_air_temperature,daily_precipitation,daily_global_solar_radiant_exposure&begin=1980-01-01T00:00:00&end=2017-12-31T23:59:59&lower=35.706179%20140.482362&upper=35.706179%20140.482362&cache=true&sos=true&external=false", "wgenApiRequest": "http://ec2-52-69-188-223.ap-northeast-1.compute.amazonaws.com:8080/KGen/rest/generate?num=100&climateforecast=BN33,NN34,AN33&from=2017,1&to=2018,12&weatherhistory=http://ec2-52-69-188-223.ap-northeast-1.compute.amazonaws.com:8080/DataTransformation/rest/transform/http://133.130.90.193/api/sos/getobservation/urn:NARO:AgroWeatherMesh?props=daily_maximum_air_temperature,daily_minimum_air_temperature,daily_precipitation,daily_global_solar_radiant_exposure&begin=1980-01-01T00:00:00&end=2017-12-31T23:59:59&lower=35.706179%20140.482362&upper=35.706179%20140.482362&cache=true&sos=true&external=false", "monthly_adjust": false, "snow_adjust": false}, "historicalWeather_OM": "http://dev.listenfield.com:8080/weather/static/ex/20180712-130051-cizo6x5o/COMM.xml", "historicalWeather_WTD": "http://dev.listenfield.com:8080/weather/static/ex/20180712-130051-cizo6x5o/COMM.WTD", "wgenAPIResult": "http://dev.listenfield.com:8080/weather/static/ex/20180712-130051-cizo6x5o/KGen.xml", "calibration-parameter": "http://dev.listenfield.com:8080/weather/static/ex/20180712-130051-cizo6x5o/COMM.PHW", "dssatCLIfile": "http://dev.listenfield.com:8080/weather/static/ex/20180712-130051-cizo6x5o/COMM.CLI", "result": {"NumberOfScenario": "100", "format": ".WTDE", "downloadLink": "http://dev.listenfield.com:8080/weather/static/ex/20180712-130051-cizo6x5o.zip", "generated": "2018-07-12T13:01:02Z", "generate_WTH": "yes"}, "weatherScenarios": ["http://dev.listenfield.com:8080/weather/static/ex/20180712-130051-cizo6x5o/COMM0001.WTDE", "http://dev.listenfield.com:8080/weather/static/ex/20180712-130051-cizo6x5o/COMM0002.WTDE", "http://dev.listenfield.com:8080/weather/static/ex/20180712-130051-cizo6x5o/COMM0003.WTDE", "http://dev.listenfield.com:8080/weather/static/ex/20180712-130051-cizo6x5o/COMM0004.WTDE", "http://dev.listenfield.com:8080/weather/static/ex/20180712-130051-cizo6x5o/COMM0005.WTDE", "http://dev.listenfield.com:8080/weather/static/ex/20180712-130051-cizo6x5o/COMM0006.WTDE", "http://dev.listenfield.com:8080/weather/static/ex/20180712-130051-cizo6x5o/COMM0007.WTDE", "http://dev.listenfield.com:8080/weather/static/ex/20180712-130051-cizo6x5o/COMM0008.WTDE", "http://dev.listenfield.com:8080/weather/static/ex/20180712-130051-cizo6x5o/COMM0009.WTDE", "http://dev.listenfield.com:8080/weather/static/ex/20180712-130051-cizo6x5o/COMM0010.WTDE", "http://dev.listenfield.com:8080/weather/static/ex/20180712-130051-cizo6x5o/COMM0011.WTDE", "http://dev.listenfield.com:8080/weather/static/ex/20180712-130051-cizo6x5o/COMM0012.WTDE", "http://dev.listenfield.com:8080/weather/static/ex/20180712-130051-cizo6x5o/COMM0013.WTDE", "http://dev.listenfield.com:8080/weather/static/ex/20180712-130051-cizo6x5o/COMM0014.WTDE", "http://dev.listenfield.com:8080/weather/static/ex/20180712-130051-cizo6x5o/COMM0015.WTDE", "http://dev.listenfield.com:8080/weather/static/ex/20180712-130051-cizo6x5o/COMM0016.WTDE", "http://dev.listenfield.com:8080/weather/static/ex/20180712-130051-cizo6x5o/COMM0017.WTDE", "http://dev.listenfield.com:8080/weather/static/ex/20180712-130051-cizo6x5o/COMM0018.WTDE", "http://dev.listenfield.com:8080/weather/static/ex/20180712-130051-cizo6x5o/COMM0019.WTDE", "http://dev.listenfield.com:8080/weather/static/ex/20180712-130051-cizo6x5o/COMM0020.WTDE", "http://dev.listenfield.com:8080/weather/static/ex/20180712-130051-cizo6x5o/COMM0021.WTDE", "http://dev.listenfield.com:8080/weather/static/ex/20180712-130051-cizo6x5o/COMM0022.WTDE", "http://dev.listenfield.com:8080/weather/static/ex/20180712-130051-cizo6x5o/COMM0023.WTDE", "http://dev.listenfield.com:8080/weather/static/ex/20180712-130051-cizo6x5o/COMM0024.WTDE", "http://dev.listenfield.com:8080/weather/static/ex/20180712-130051-cizo6x5o/COMM0025.WTDE", "http://dev.listenfield.com:8080/weather/static/ex/20180712-130051-cizo6x5o/COMM0026.WTDE", "http://dev.listenfield.com:8080/weather/static/ex/20180712-130051-cizo6x5o/COMM0027.WTDE", "http://dev.listenfield.com:8080/weather/static/ex/20180712-130051-cizo6x5o/COMM0028.WTDE", "http://dev.listenfield.com:8080/weather/static/ex/20180712-130051-cizo6x5o/COMM0029.WTDE", "http://dev.listenfield.com:8080/weather/static/ex/20180712-130051-cizo6x5o/COMM0030.WTDE", "http://dev.listenfield.com:8080/weather/static/ex/20180712-130051-cizo6x5o/COMM0031.WTDE", "http://dev.listenfield.com:8080/weather/static/ex/20180712-130051-cizo6x5o/COMM0032.WTDE", "http://dev.listenfield.com:8080/weather/static/ex/20180712-130051-cizo6x5o/COMM0033.WTDE", "http://dev.listenfield.com:8080/weather/static/ex/20180712-130051-cizo6x5o/COMM0034.WTDE", "http://dev.listenfield.com:8080/weather/static/ex/20180712-130051-cizo6x5o/COMM0035.WTDE", "http://dev.listenfield.com:8080/weather/static/ex/20180712-130051-cizo6x5o/COMM0036.WTDE", "http://dev.listenfield.com:8080/weather/static/ex/20180712-130051-cizo6x5o/COMM0037.WTDE", "http://dev.listenfield.com:8080/weather/static/ex/20180712-130051-cizo6x5o/COMM0038.WTDE", "http://dev.listenfield.com:8080/weather/static/ex/20180712-130051-cizo6x5o/COMM0039.WTDE", "http://dev.listenfield.com:8080/weather/static/ex/20180712-130051-cizo6x5o/COMM0040.WTDE", "http://dev.listenfield.com:8080/weather/static/ex/20180712-130051-cizo6x5o/COMM0041.WTDE", "http://dev.listenfield.com:8080/weather/static/ex/20180712-130051-cizo6x5o/COMM0042.WTDE", "http://dev.listenfield.com:8080/weather/static/ex/20180712-130051-cizo6x5o/COMM0043.WTDE", "http://dev.listenfield.com:8080/weather/static/ex/20180712-130051-cizo6x5o/COMM0044.WTDE", "http://dev.listenfield.com:8080/weather/static/ex/20180712-130051-cizo6x5o/COMM0045.WTDE", "http://dev.listenfield.com:8080/weather/static/ex/20180712-130051-cizo6x5o/COMM0046.WTDE", "http://dev.listenfield.com:8080/weather/static/ex/20180712-130051-cizo6x5o/COMM0047.WTDE", "http://dev.listenfield.com:8080/weather/static/ex/20180712-130051-cizo6x5o/COMM0048.WTDE", "http://dev.listenfield.com:8080/weather/static/ex/20180712-130051-cizo6x5o/COMM0049.WTDE", "http://dev.listenfield.com:8080/weather/static/ex/20180712-130051-cizo6x5o/COMM0050.WTDE", "http://dev.listenfield.com:8080/weather/static/ex/20180712-130051-cizo6x5o/COMM0051.WTDE", "http://dev.listenfield.com:8080/weather/static/ex/20180712-130051-cizo6x5o/COMM0052.WTDE", "http://dev.listenfield.com:8080/weather/static/ex/20180712-130051-cizo6x5o/COMM0053.WTDE", "http://dev.listenfield.com:8080/weather/static/ex/20180712-130051-cizo6x5o/COMM0054.WTDE", "http://dev.listenfield.com:8080/weather/static/ex/20180712-130051-cizo6x5o/COMM0055.WTDE", "http://dev.listenfield.com:8080/weather/static/ex/20180712-130051-cizo6x5o/COMM0056.WTDE", "http://dev.listenfield.com:8080/weather/static/ex/20180712-130051-cizo6x5o/COMM0057.WTDE", "http://dev.listenfield.com:8080/weather/static/ex/20180712-130051-cizo6x5o/COMM0058.WTDE", "http://dev.listenfield.com:8080/weather/static/ex/20180712-130051-cizo6x5o/COMM0059.WTDE", "http://dev.listenfield.com:8080/weather/static/ex/20180712-130051-cizo6x5o/COMM0060.WTDE", "http://dev.listenfield.com:8080/weather/static/ex/20180712-130051-cizo6x5o/COMM0061.WTDE", "http://dev.listenfield.com:8080/weather/static/ex/20180712-130051-cizo6x5o/COMM0062.WTDE", "http://dev.listenfield.com:8080/weather/static/ex/20180712-130051-cizo6x5o/COMM0063.WTDE", "http://dev.listenfield.com:8080/weather/static/ex/20180712-130051-cizo6x5o/COMM0064.WTDE", "http://dev.listenfield.com:8080/weather/static/ex/20180712-130051-cizo6x5o/COMM0065.WTDE", "http://dev.listenfield.com:8080/weather/static/ex/20180712-130051-cizo6x5o/COMM0066.WTDE", "http://dev.listenfield.com:8080/weather/static/ex/20180712-130051-cizo6x5o/COMM0067.WTDE", "http://dev.listenfield.com:8080/weather/static/ex/20180712-130051-cizo6x5o/COMM0068.WTDE", "http://dev.listenfield.com:8080/weather/static/ex/20180712-130051-cizo6x5o/COMM0069.WTDE", "http://dev.listenfield.com:8080/weather/static/ex/20180712-130051-cizo6x5o/COMM0070.WTDE", "http://dev.listenfield.com:8080/weather/static/ex/20180712-130051-cizo6x5o/COMM0071.WTDE", "http://dev.listenfield.com:8080/weather/static/ex/20180712-130051-cizo6x5o/COMM0072.WTDE", "http://dev.listenfield.com:8080/weather/static/ex/20180712-130051-cizo6x5o/COMM0073.WTDE", "http://dev.listenfield.com:8080/weather/static/ex/20180712-130051-cizo6x5o/COMM0074.WTDE", "http://dev.listenfield.com:8080/weather/static/ex/20180712-130051-cizo6x5o/COMM0075.WTDE", "http://dev.listenfield.com:8080/weather/static/ex/20180712-130051-cizo6x5o/COMM0076.WTDE", "http://dev.listenfield.com:8080/weather/static/ex/20180712-130051-cizo6x5o/COMM0077.WTDE", "http://dev.listenfield.com:8080/weather/static/ex/20180712-130051-cizo6x5o/COMM0078.WTDE", "http://dev.listenfield.com:8080/weather/static/ex/20180712-130051-cizo6x5o/COMM0079.WTDE", "http://dev.listenfield.com:8080/weather/static/ex/20180712-130051-cizo6x5o/COMM0080.WTDE", "http://dev.listenfield.com:8080/weather/static/ex/20180712-130051-cizo6x5o/COMM0081.WTDE", "http://dev.listenfield.com:8080/weather/static/ex/20180712-130051-cizo6x5o/COMM0082.WTDE", "http://dev.listenfield.com:8080/weather/static/ex/20180712-130051-cizo6x5o/COMM0083.WTDE", "http://dev.listenfield.com:8080/weather/static/ex/20180712-130051-cizo6x5o/COMM0084.WTDE", "http://dev.listenfield.com:8080/weather/static/ex/20180712-130051-cizo6x5o/COMM0085.WTDE", "http://dev.listenfield.com:8080/weather/static/ex/20180712-130051-cizo6x5o/COMM0086.WTDE", "http://dev.listenfield.com:8080/weather/static/ex/20180712-130051-cizo6x5o/COMM0087.WTDE", "http://dev.listenfield.com:8080/weather/static/ex/20180712-130051-cizo6x5o/COMM0088.WTDE", "http://dev.listenfield.com:8080/weather/static/ex/20180712-130051-cizo6x5o/COMM0089.WTDE", "http://dev.listenfield.com:8080/weather/static/ex/20180712-130051-cizo6x5o/COMM0090.WTDE", "http://dev.listenfield.com:8080/weather/static/ex/20180712-130051-cizo6x5o/COMM0091.WTDE", "http://dev.listenfield.com:8080/weather/static/ex/20180712-130051-cizo6x5o/COMM0092.WTDE", "http://dev.listenfield.com:8080/weather/static/ex/20180712-130051-cizo6x5o/COMM0093.WTDE", "http://dev.listenfield.com:8080/weather/static/ex/20180712-130051-cizo6x5o/COMM0094.WTDE", "http://dev.listenfield.com:8080/weather/static/ex/20180712-130051-cizo6x5o/COMM0095.WTDE", "http://dev.listenfield.com:8080/weather/static/ex/20180712-130051-cizo6x5o/COMM0096.WTDE", "http://dev.listenfield.com:8080/weather/static/ex/20180712-130051-cizo6x5o/COMM0097.WTDE", "http://dev.listenfield.com:8080/weather/static/ex/20180712-130051-cizo6x5o/COMM0098.WTDE", "http://dev.listenfield.com:8080/weather/static/ex/20180712-130051-cizo6x5o/COMM0099.WTDE", "http://dev.listenfield.com:8080/weather/static/ex/20180712-130051-cizo6x5o/COMM0100.WTDE"], "snow_adjustment": "no"}